{
  "date": "2021-01-12T23:56:13.761Z",
  "title": "Essa é a solução para quem tem cabelos fracos?",
  "thumbnail": "/img/uploads/biotin2.jpeg",
  "description": "Muitas mulheres sofrem com a quebra ou queda dos cabelos. Você sabe diferenciar esses dois problemas?",
  "meta_title": "",
  "meta_description": "",
  "body": "Os fios quebradiços são causados por excesso de fonte de calor (chapinhas, secador e etc), procedimentos químicos, fatores ambientais, corte químico e até fios enfraquecidos.\n\nE essa quebra dos fios pode ser evitada com a reconstrução, cauterização, hidratação e nutrição capilar.\n\nJá a queda capilar pode ser causada por estresse, doenças, infecções, deficiências nutricionais, disfunção hormonal e pós parto.\n\nEla pode ser evitada com o uso de loções capilares, tônicos fortalecedores, shampoo anti-quedas e suplementos vitamínicos.\n\n![](/img/uploads/whatsapp-image-2021-01-07-at-2.20.38-pm.jpeg)\n\nMas para isso, temos a [Biotina](https://www.qualityluna.com.br/biotin-suplemento-capilar-em-capsulas) que é perfeita e completa para você!\n\nTrata-se de uma vitamina hidrossolúvel produzida no intestino pelas bactérias e obtida por meio da alimentação.\n\nAssim como outras vitaminas do complexo B, a Biotina está relacionada ao metabolismo das gorduras, carboidratos e proteínas.\n\n###### **Certo, mas o que ela faz?**\n\n![https://www.qualityluna.com.br/biotin-suplemento-capilar-em-capsulas](/img/uploads/biotin19.jpeg)\n\nAlém de proporcionar crescimento acelerado e fios mais fortes, a [Biotina](https://www.qualityluna.com.br/biotin-suplemento-capilar-em-capsulas) em cápsulas age de dentro para fora, tratando o mal pela raiz!\n\n**Os seus principais benefícios são:**\n\n* Ela é 100% Natural;\n* Controla e combate a queda;\n* Promove nutrição dos fios;\n* Promove crescimento acelerado dos fios e mais volume;\n* Fortalece os fios e as unhas;\n* Ilumina a pele;\n* Não engorda.\n\n  ![https://www.qualityluna.com.br/biotin-suplemento-capilar-em-capsulas#&gid=1&pid=3](/img/uploads/biotin15.jpeg)\n\nQuer ter seus cabelo revigorados e com forças? Compre agora o suplemento em cápsulas Biotina!\n\n[Clique aqui ](https://www.qualityluna.com.br/biotin-suplemento-capilar-em-capsulas)e aproveite!"
}