{
  "date": "2020-11-25T20:17:24.835Z",
  "title": "Cauterização Capilar?",
  "thumbnail": "/img/uploads/cabelo-danificado.jpg",
  "description": "O que é e quem pode fazer?",
  "body": "A cauterização é um tratamento que devolve os aminoácidos e a queratina perdidos por conta da exposição a ambientes e danos externos. Quando repostos, a fibra capilar volta a sua estrutura original, saudável. \n\nEla recupera a elasticidade do cabelo, já que o tratamento age do córtex até as cutículas, por dentro do fio.\n\nOu seja, é uma hidratação profunda que sela as escamas dos fios e suaviza as pontas duplas, o que permite eliminar o aspecto arrepiado dos cabelos.\n\n**O principal objetivo** da cauterização capilar é nutrir e repor a queratina dos fios. Por isso, o tratamento é recomendado para todo e qualquer tipo de cabelo danificado – liso, ondulado, cacheado e crespo – que tenha passado por processos químicos ou sofrido perda natural dos nutrientes.\n\n**Os benefícios da cauterização são vários:** ela mantém o cabelo com mais brilho, nutre, deixando-os saudáveis o suficiente para encarar algum tipo de química. Além disso, evita as pontas duplas e a porosidade da fibra capilar, uma vez que a queratina é capaz de devolver a estrutura original dos fios, evitando assim, que ele quebre com facilidade.\n\nMas para que esse tratamento seja feito de uma forma válida e dê os resultados esperados, precisa ser feito com os produtos certos! Pensando nisso, trouxemos hoje para você o [Kit Cauter Repair](https://www.qualityluna.com.br/kit-cauter-repair-cauterizacao-capilar)!\n\n![](/img/uploads/cauterkit.webp)\n\nO Kit Cauter é composto pelo super **shampoo de 1L para uso diário** da Quality! Desenvolvido especialmente para uso diário dos profissionais nos tratamentos como cauterização, reconstrução, hidratação e demais serviços.\n\nE, para você arrasar na cauterização, tem também a **dupla Power!**\n\n![](/img/uploads/cauter.jpg \"cauter\")\n\nO **Protetor Térmico Cauterizador Power Lipidic** promove selamento das cutículas, facilita o desembaraçamento, controla o volume dos cabelos reduzindo o frizz e restabelecendo a restauração dos fios danificados.\n\nE a **Keratina Power** repara intensamente os fios na primeira aplicação, repõe a massa capilar do córtex e reduz a porosidade nas cutículas, enquanto promove reparação de alto impacto em toda fibra capilar.\n\n**E aí? Pronta para arrasar?**\n\nGaranta já o seu [Kit Cauter](https://www.qualityluna.com.br/kit-cauter-repair-cauterizacao-capilar) e dê um UP nos seus fios!\n\n[Clique aqui e compre agora.](https://www.qualityluna.com.br/kit-cauter-repair-cauterizacao-capilar)",
  "meta_description": "A cauterização é um tratamento que devolve os aminoácidos e a queratina perdidos por conta da exposição a ambientes e danos externos.",
  "meta_title": "O que é Cauterização?"
}