{
  "date": "2021-03-10T18:48:42.147Z",
  "title": "Como fazer cachos permanentes no cabelo?",
  "thumbnail": "https://bucket.mlcdn.com/a/1047/1047534/images/207d2647d8c86cea453a8814ed2511ddab6269ce.jpeg",
  "description": "Você sabia que dá pra fazer cachos permanentes nos cabelos??",
  "body": "Da mesma forma que existe a *escova progressiva* para quem quer os fios lisos, a **permanente** é a responsável por ter como resultado cachos com ótima definição e duração.\n\nFicou curiosa? Vem comigo que eu vou te explicar tudo o que você precisa saber para colocar essa ideia na cabeça!\n\n![](https://belezaesaude.com/i/730/24/cabelos-cacheados-1.jpg \"cacheada\")\n\nEsse procedimento de **Permanente** consiste em 4 passos:\n\n1. Lave os fios com [shampoo antirresíduos](https://www.qualityluna.com.br/search?term=shampoo+anti)\n2. Use um [creme de relaxamento](https://www.qualityluna.com.br/search?term=relaxamento)\n3. Enrole os fios com acessórios chamados bigudins ou bigudinhos (bobes flexíveis de plástico)\n4. Agora é só enxaguar o cabelo, você pode hidratar ou secar com o secador!\n\nPronto! Agora você tem de três a quatro meses de cachinhos incríveis!\n\nGostou das dicas? Segue a gente no [Instagram](instagram.com/qualityluna.com.br)!",
  "meta_description": "Da mesma forma que existe a escova progressiva para quem quer os fios lisos, a permanente é a responsável por ter como resultado cachos com ótima definição e duração.",
  "meta_title": "Você sabia que dá pra fazer cachos permanentes nos cabelos??"
}