{
  "date": "2020-12-03T13:58:56.680Z",
  "title": "Como recuperar o cabelo ressecado?",
  "description": "Muita exposição ao sol, poluição, cloro e tratamento químico podem deixar bastante ressecado. O ressecamento ocorre por alterações no o pH do cabelo. As cutículas capilares estão dilatadas e desprotegidas e o cabelo acaba perdendo seu revestimento natural de gordura, ficando sem brilho e ressecado.",
  "meta_description": "Muita exposição ao sol, poluição, cloro e tratamento químico podem deixar bastante ressecado. O ressecamento ocorre por alterações no o pH do cabelo. As cutículas capilares estão dilatadas e desprotegidas e o cabelo acaba perdendo seu revestimento natural de gordura, ficando sem brilho e ressecado.",
  "body": "Sabemos que cabelo ressecado é um problema muito comum e desagradável que afeta ou já afetou muita gente, por isso, separamos aqui algumas dicas para você tratar seus fios e evitar que eles ressequem!\n\n**Dica 1: Use o Shampoo Certo!**\n\nA maior parte dos *\"shampoos de supermercado\"* tem o pH alcalino, o que piora o quadro do cabelo ressecado.\n\nPara evitar esse tipo de dano é utilizar shampoos que tenham substâncias que equilibram o pH.\n\nPara isso, a **Quality** desenvolveu o [shampoo para cabelos secos e normais](https://www.qualityluna.com.br/shampoo-cabelos-secos-e-normais-mega-repair-300ml-quality-cosmeticos) que possui ação hidrante e reparadora, repondo os nutrientes, limpando suavemente os fios enquanto repara e reconstrói.\n\n![https://www.qualityluna.com.br/shampoo-cabelos-secos-e-normais-mega-repair-300ml-quality-cosmeticos](/img/uploads/secosenormais.jpg \"Shampoo para cabelos secos e normais\")\n\n**Dica 2: Use um condicionador** \n\nCada tipo de cabelo precisa de um tipo específico de condicionador. \n\nPara quem está com o cabelo ressecado, o ideal é usa um condicionador que proporcione equilíbrio aos cabelos danificados, fornecendo ação restauradora e prolongando o efeito hidratante, realçando o brilho e a maleabilidade dos fios.\n\nPara complementar o tratamento do shampoo, a [máscara condicionante para cabelos secos e normais ](https://www.qualityluna.com.br/mascara-condicionante-para-cabelos-secos-e-normais-mega-repair-300g-quality-cosmeticos)deixa o pentear mais fácil e fios mais fortes e com brilho renovado.\n\n![https://www.qualityluna.com.br/mascara-condicionante-para-cabelos-secos-e-normais-mega-repair-300g-quality-cosmeticos](/img/uploads/whatsapp-image-2020-12-03-at-12.00.38-pm.jpeg \"Máscara condicionante para cabelos secos e normais\")\n\n**Dica 3: Procure um cabeleireiro (a) profissional** \n\nCabelos ressecados precisam fazer hidratação e cauterização a cada 15 ou 30 dias, dependendo do ressecamento. \n\nA hidratação devolve a gordura aos cabelos, enquanto que a cauterização reconstrói as proteínas dos fios\n\n**Dica 4: Use creme para pentear (leave-in)**\n\nMesmo que você não tenha os cabelos ressecados, você deve usar um leave-in para prevenir esse problema. \n\nMas para os fios que já estão ressecados, o creme para pentear é essencial. Não pode faltar.\n\nIndicamos que use o [leave-in para cabelos secos e normais.](https://www.qualityluna.com.br/leave-in-cabelos-secos-e-normais-mega-repair-300ml-quality-cosmeticos) Para o kit completo de produtos para cabelos secos e normais, [clique aqui.](https://www.qualityluna.com.br/kit-para-cabelos-secos-normais-mega-repair-quality-cosmeticos)\n\n![https://www.qualityluna.com.br/leave-in-cabelos-secos-e-normais-mega-repair-300ml-quality-cosmeticos](/img/uploads/whatsapp-image-2020-12-03-at-12.00.39-pm.jpeg \"Leave-in Secos e normais\")\n\n**Dica 5: Use um reparador de pontos**\n\nReparadores de pontas à base de silicone possuem substâncias responsáveis pelo selamento de cutículas, ajudando o cabelo a se recuperar. \n\nPossuem um alto poder de brilho e proteção, trata os fios reduzindo a porosidade e eliminando as cargas negativas do cabelo.\n\nConheça o [Reparador de pontas Crystal Shine](https://www.qualityluna.com.br/reparador-de-pontas-luna-cristalli-quality-cosmeticos). Com alto poder de brilho e proteção, trata os fios reduzindo a porosidade e eliminando as cargas negativas do cabelo. \n\n![https://www.qualityluna.com.br/reparador-de-pontas-luna-cristalli-quality-cosmeticos](/img/uploads/shine.jpg \"Reparador de pontas crystal shine\")\n\n**Dica 6: Use máscaras de hidratação**\n\nÉ recomendável para tratar cabelos ressecados a aplicação de máscaras de hidratação cerca de duas vezes por semana, no lugar no condicionador.\n\nLave os cabelos normalmente com o shampoo certo, retire a umidade do cabelo e aplique a máscara. \n\nSe você passar a hidratação nos cabelos muito molhados o creme vai escorrer pelo cabelo, em vez de penetrar nos fios.\n\nNesse caso, a [máscara condicionante](https://www.qualityluna.com.br/mascara-condicionante-para-cabelos-secos-e-normais-mega-repair-300g-quality-cosmeticos) faz esse trabalho, assim você tem muito mais praticidade na hora de cuidar dos fios.\n\n**Gostou das dicas?** \n\nSiga-nos no [Instagram](https://www.instagram.com/qualityluna.com.br/)! Lá temos dicas de produtos e até cupons de desconto especiais!",
  "meta_title": "Dicas para recuperar o cabelo ressecado"
}