{
  "date": "2020-12-01T18:44:07.200Z",
  "title": "Como deixar seu cabelo nutrido de forma rápida!",
  "description": "Aparência ressecada, opaca e quebradiça são alguns indícios de que seus fios necessitam de cuidados especiais",
  "meta_title": "Como deixar seu cabelo nutrido de forma rápida!",
  "meta_description": "Aparência ressecada, opaca e quebradiça são alguns indícios de que seus fios necessitam de cuidados especiais",
  "body": "<!--StartFragment-->\n\n\n\n\n\nÉ fato: a correria do dia a dia nem sempre nos permite tratar o nosso cabelo com a devida atenção. \n\n\n\nAlém disso, processos químicos vão pouco a pouco prejudicando o aspecto do cabelo, tornando-o frágil e mais suscetível a novos danos. \n\nComo identificar que seu cabelo precisa de nutrição? Veja alguns indícios:\n\n\n\n* Perda de brilho: os fios estão opacos e não refletem mais a luz\n* Ressecamento: a textura é áspera, e as pontas “espigadas”\n* Quebra: fragilizados, os fios se partem ao meio\n* Frizz: o efeito arrepiado toma conta de todo o cabelo\n\n\n\n### *P*rodutos para ter sempre por perto\n\n* **Óleo de argan**\n\n\n\nNo caso de cabelos que precisam urgentemente de nutrição o óleo de argan funciona como melhor amigo, servindo como reparador de pontas, finalizador, intensificador na máscara de hidratação e muito mais!\n\n\n\n[![](https://1.bp.blogspot.com/-rEGC1i25-wE/Xd5u7khS9KI/AAAAAAAABZM/cD3NZrVxf1IUD8p8I5bc5-MD_ngI9xtngCLcBGAsYHQ/s320/cortada.jpg)](https://www.qualityluna.com.br/luna-system-oleo-argan)\n\n\n\n\n\n* **Kit para cabelos secos e normais**\n\nAuxilia a repor os nutrientes perdidos durante processos químicos enquanto reconstrói os fios. Elaborado com Óleos de Coco e Abacate, Pantenol, Proteína do Leite e Manteiga de Cereais, possui ação emoliente, umectante e hidratante, facilita o pentear, deixa os fios hidratados por mais tempo, resultando em fios mais fortes, macios, sedosos e com brilho intenso.\n\n\n\n[![](https://1.bp.blogspot.com/-FYZgOL7qtIo/Xd5u7hgWXAI/AAAAAAAABZ0/ZWaNbTvyRKoe_wzLJcA-qSvFwsPMOlJEgCEwYBhgL/s320/IMG_2876.jpg)](https://www.qualityluna.com.br/kit-para-cabelos-secos-normais-mega-repair)\n\n\n\n\n\nAgora é só aproveitar seus cabelos lindos e brilhosos com esses produtinhos! \n\n\n\nE pra você que gostou das dicas temos um cupom de desconto especial para nossos leitores **CD19R** corra e confira as promoções !\n\n\n\n>  *Se interessou? clique na foto do produto e veja como adquirir!*  \n\n\n\n\n\n\n\n\n\n♥ [www.qualityluna.com.br](http://www.qualityluna.com.br/) ♥\n\n\n\n\n\nPost by: [Rebeca](https://www.instagram.com/beca.soliveira/?hl=pt-br)\n\n<!--EndFragment-->",
  "thumbnail": "/img/uploads/images.jpg"
}