{
  "date": "2020-11-27T20:46:30.666Z",
  "title": "Como recuperar cabelos quebradiços e danificados?",
  "description": "Se o cabelo está poroso, áspero, opaco, sem brilho, sensibilizado, com pouca elasticidade, fino, seco, sem cor, frágil e com pontas duplas e quebradiças indica falta de um tratamento adequado.",
  "thumbnail": "/img/uploads/danificado.jpg",
  "body": "Em um cabelo saudável, cada fio de cabelo é coberto por uma camada de escamas bem fechadas (cutículas), que protegem o interior do cabelo, essa cutícula tem um padrão regular, maleável, com brilho, forte e macio.\n\n**Mas então, o que pode danificar os fios?**\n\n*Aqui vai uma lista com as 8 coisas que, na nossa opinião, mais danifica os fios:*\n\n**1. Descoloração.** É o Processo químico que *mais danifica o cabelo*, pois, além de destruir os pigmentos, oxida os aminoácidos;\n\n**2. Tratamentos químicos** - como alisamento, escova progressiva com formol, permanentes, tinturas (de má qualidade) e decapagem (remoção da coloração dos fios);\n\n**3. Raio ultravioleta da radiação solar;**\n\n**4. Secador e chapinha em excesso;**\n\n**5. Exposição frequente ao ar condicionado;**\n\n**6. Shampoo com grande concentração de detergente;**\n\n**7. Vento, poeira, cloro e falta de umidade do ar;**\n\n**8. Alimentação inadequada e pobre em nutrientes;**\n\n![](/img/uploads/cabelo-danificado.jpg \"Cabelo danificado\")\n\nAgora, pra te ajudar, separamos **3 opções de tratamento que vão recuperar os seus fios!**\n\n**Opção 1: Hidratação**\n\n*A hidratação* é uma das formas mais práticas para tratar cabelos danificados.\n\nTratar os cabelos danificados e ressecados repondo a umidade natural dos fios através de uma hidratação capilar pode ser suficiente para recuperar os seus cabelos.\n\n**Para esse tratamento, indicamos o [Kit Hidratação Power](https://www.qualityluna.com.br/kit-hidratacao-power-mais-forca-e-brilho-quality-cosmeticos)!** \n\nO Kit é composto pelo melhor **shampoo para cabelos secos e normais**, o **protetor térmico e selante anti frizz** e a **máscara Three Force Micro Emulsão**!\n\n![](/img/uploads/powerhidratation.jpg \"Kit Hidratação Power\")\n\n[Clique aqui para saber mais](https://www.qualityluna.com.br/kit-hidratacao-power-mais-forca-e-brilho-quality-cosmeticos)\n\n**Opção 2: Cauterização Capilar**\n\nEsse tratamento tem como objetivo a reposição de nutrientes e queratina na fibra capilar.  Deixando seu cabelo fica mais forte, macio, hidratado e revitalizado.\n\n*A Cauterização Capilar* é indicada para cabelos muito danificados, porosos, com pontas duplas ou para cabelos muito lesionados pelo uso constante de secador e chapinha.\n\n**Já para esse tratamento, a melhor escolha é o [Kit Cauter](https://www.qualityluna.com.br/quality-cauter-cauterizacao-capilar-para-profissionais-quality-cosmeticos)!**\n\nEle promove selamento das cutículas, brilho intenso, facilita o desembaraçamento e controla o volume dos cabelos reduzindo o frizz.\n\n![https://www.qualityluna.com.br/quality-cauter-cauterizacao-capilar-para-profissionais-quality-cosmeticos](/img/uploads/cauter.jpg \"Kit Cauter\")\n\n[Clique aqui para saber mais](https://www.qualityluna.com.br/quality-cauter-cauterizacao-capilar-para-profissionais-quality-cosmeticos)\n\n**Opção 3: Cronograma Capilar**\n\n*O cronograma capilar* é uma das melhores opções para recuperação de cabelos danificados.\n\nÉ um projeto de tratamento de reconstrução, hidratação e nutrição capilar.\n\n![](/img/uploads/v2-1584395107608-kit-cronograma-capilar-luna-system_1.png \"Cronograma Capilar\")\n\nEssa **agenda de tratamento** irá repor os nutrientes necessários, deixando os fios mais saudáveis. É indicado para cabelos danificados, quebradiços e ressecados.\n\nPara suprir cada etapa desse tratamento, o [Cronograma para cabelos Secos e Normais é o melhor](https://www.qualityluna.com.br/cronogrograma-cabelos-secos-e-normais-quality-cosmeticos)!\n\nEle promove uma perfeita restauração nos cabelos, renovando, dando suavidade, elasticidade e brilho.\nCorrige e repara cabelos danificados, quimicamente tratados e coloridos. Adiciona elasticidade e incrível brilho deixando o cabelo sedoso.\n\n![https://www.qualityluna.com.br/cronogrograma-cabelos-secos-e-normais-quality-cosmeticos](/img/uploads/cro.jpg \"cronograma\")\n\n###### **Dica extra!**\n\n*Corte o cabelo antes e tire as pontas duplas e ressecadas, e é indicado que lave o cabelo 3 vezes durante a semana.*\n\n**Esse post foi útil? Conta pra a gente se você seguiu alguma dessas dicas e se deu resultado!**\n\n**[Ir para o site.](https://www.qualityluna.com.br)**",
  "meta_description": "Em um cabelo saudável, cada fio de cabelo é coberto por uma camada de escamas bem fechadas (cutículas), que protegem o interior do cabelo, essa cutícula tem um padrão regular, maleável, com brilho, forte e macio. Mas então, o que pode danificar os fios?",
  "meta_title": "Como recuperar cabelos quebradiços e danificados?"
}