{
  "date": "2020-11-12T20:23:03.720Z",
  "title": "Cronograma Capilar Luna System",
  "thumbnail": "/img/uploads/crono.jpg",
  "description": "O Cronograma mais querido!\nPromove uma perfeita restauração nos cabelos, renovando, dando suavidade, elasticidade e brilho.",
  "body": "O Cronograma Capilar Luna System é o kit de tratamento completo para o seu cabelo! Cada máscara age em uma etapa específica, reconstruindo, hidratando ou nutrindo seus fios!\n\n![](/img/uploads/crono.jpg \"Cronograma Capilar Luna\")\n\nO **Intensive Reconstrutor** é responsável por promover uma perfeita restauração nos cabelos, renovando, dando suavidade, elasticidade e brilho. Corrige e repara cabelos danificados, quimicamente tratados e coloridos. Adiciona elasticidade e incrível brilho deixando o cabelo sedoso.\n\n![](/img/uploads/intensive.jpg \"Intensive Reconstrutor\")\n\nJá o **Duo Instantâneo**, com pH ácido e fórmula condicionante, promove uma restauração gradativa dos fios deixando-os cada vez mais saudáveis. É um tratamento intensivo que tem como característica a presença do Frulix complexo nutritivo.\n\n![](/img/uploads/duo.jpg)\n\nE, para finalizar, o Three Power atua devolvendo força, resistência e brilho aos cabelos. Possui tripla ação com o uso da Creatina, Tocoferol e Aminoácidos, os fios ficam reforçados, protegidos e com brilho maravilhoso.\n\n![](/img/uploads/three-power-250g_0.jpg \"Three Power\")\n\nSeu cronograma pode ser montado da forma que você quiser e seu cabelo precisar!\n\n[Garanta já o seu!](https://www.qualityluna.com.br/kit-cronograma-capilar-luna-system)\n\nJá usou? Deixe nos comentários a sua experiência!",
  "meta_title": "Cronograma Capilar Luna System"
}