{
  "date": "2020-12-15T19:11:53.926Z",
  "title": "É possível evitar as pontas duplas?",
  "meta_title": "É possível evitar as pontas duplas?",
  "meta_description": "É provável que você já tenha experimentado todos os tipos de produtos específicos para evitá-las, tais como condicionadores ou séruns químicos.  No entanto, elas continuam aparecendo de tempos em tempos.",
  "description": "É provável que você já tenha experimentado todos os tipos de produtos específicos para evitá-las, tais como condicionadores ou séruns químicos.\n\nNo entanto, elas continuam aparecendo de tempos em tempos.",
  "body": "<!--StartFragment-->\n\nÉ provável que você já tenha experimentado todos os tipos de produtos específicos para evitá-las, tais como condicionadores ou séruns químicos.\n\n\\\nNo entanto, elas continuam aparecendo de tempos em tempos.\\\n\\\n\\\nUse óleo de argan ou reparadores de pontas, você precisará apenas de poucas gotas para manter as pontas saudáveis!\n\n![](/img/uploads/img_20201211_102120_076-2-.jpg)\n\n\n\n**Modo de Usar:** \n\n\n\n***Repador de pontas:***  Aplicar algumas gotas na palma da mão, espalhar e distribuir por toda a cabeleira. \n\nFinalizar com escova, chapinha ou penteado.\n\nNão enxaguar.\n\n\n\n\n\n***O óleo de Argan***\n\n\n\n1 - Para aprimorar a máscara: coloque algumas gotas misturadas ao cosmético e aplique depois do xampu e antes do condicionador. Funciona como \"transporte\" para os nutrientes chegaram até o interior da fibra capilar, potencializando o efeito da máscara.\n\n2 - Para proteger e hidratar como leave-in: algumas gotas (duas para cabelo curto e até cinco para o comprido) podem ser aplicadas nos fios antes de secarem completamente.\\\n3 - Para controlar o frizz e dar brilho: usados no comprimento e nas pontas quando o cabelo estiver seco tiram o arrepiado e selam as pontas duplas.\\\n4 - Para tratamento: aplique o óleo nos fios secos, massageando mecha por mecha, deixe agir por 10 minutos e enxágue.\n\n \n\n\n\nVocê encontra em nosso site! \n\n[Para fazer o pedido do Reparador Clique aqui!](https://www.qualityluna.com.br/reparador-de-pontas-luna-cristalli)\n\n\n\n[Para fazer o pedido do Òleo de Argan Clique aqui!](https://www.qualityluna.com.br/luna-system-oleo-argan)\n\n<!--EndFragment-->",
  "thumbnail": "/img/uploads/img_20201211_102120_076-2-.jpg"
}