{
  "date": "2020-12-15T19:20:02.825Z",
  "title": "Por que a ponta do cabelo quebra?",
  "meta_title": "Por que a ponta do cabelo quebra?",
  "meta_description": "Já se perguntou porque a ponta do cabelo quebra? Bom, existe vários motivos que fazem isso acontecer. Nesse post você irá entender o porque isso acontece e como solucionar.",
  "description": "Já se perguntou porque a ponta do cabelo quebra? Bom, existe vários motivos que fazem isso acontecer. Nesse post você irá entender o porque isso acontece e como solucionar.",
  "body": "<!--StartFragment-->\n\nO excesso de calor do secador e da chapinha são alguns dos principais motivos que levam o cabelo a se quebrar. O protetor evita o ressecamento, melhorando o aspecto geral do fio e impedindo que ele se parta. Prender o cabelo molhado, pois o elástico pode causar a quebra devido ao rompimento da fibra capilar.\\\n\\\n![](https://www.fernandacaroline.com/wp-content/uploads/10-DICAS-PARA-TRATAR-CABELOS-DANIFICADOS-PELA-CHAPINHA.jpg)\\\n\\\nUma das formas de reduzir esse problema é ter alguns cuidados especiais com o cabelo. Você deve usar corretamente os produtos e evitar hábitos que podem estar acabando com o seu visual.\\\n\\\nEm nosso site você encontra produtos que vai te ajudar a ter um cabelo saudáveis, livre da quebra.\\\n\\\n[Para ver todos os nosso produtos de tratamentos, clique aqui! ](https://www.qualityluna.com.br/tratamento/)\n\n\\\n\\\nEnviamos para toda região do Brasil.\\\nAceitamos todos os cartões e você também pode parcelar sua compra.\n\n<!--EndFragment-->",
  "thumbnail": "/img/uploads/10-dicas-para-tratar-cabelos-danificados-pela-chapinha.jpg"
}