{
  "date": "2021-01-13T01:18:06.375Z",
  "title": "Qual shampoo usar DEPOIS da progressiva?",
  "description": "Você fez a progressiva e agora não sabe qual shampoo utilizar? Vamos te mostrar qual o melhor produto para você manter por muito mais tempo o efeito da progressiva, além de proporcionar maciez, brilho e sedosidade.",
  "body": "É muito comum as pessoas fazerem a progressiva e, poucos dias depois, seus cabelos já estarem crespos, sem brilho e totalmente desidratados devido a falta de cuidados especial e o uso incorreto de produtos durante o processo de manutenção.\n\nFazer hidratação com limpeza profunda, lavar os cabelos todos os dias, pintar o cabelo logo após a aplicação do alisante, dormir com os cabelos molhados, passar muito tempo sem hidratação e usar demais a piscina são *alguns* dos problemas que fazem a progressiva **perder seu efeito rapidamente.**\n\nPensando em uma maior durabilidade além de trazer a maciez, brilho e sedosidade novamente para seus cabelos, a *Luna System* apresenta o [Shampoo Elixir](https://www.qualityluna.com.br/elixir-shampoo-nutritivo-250-ml).\n\n![https://www.qualityluna.com.br/elixir-shampoo-nutritivo-250-ml](/img/uploads/elixir-shampoo-nutritivo-250-ml_0.jpg \"Shampoo Elixir\")\n\nSua exclusiva fórmula desenvolvida com riquíssimos óleos de tratamento apresentam a combinação perfeita para deixar seus cabelos com excelente resultado de hidratação, vitalidade e brilho. \n\nIdeal para tratar cabelos ressecados e sem vida que usaram químicas e escovas progressivas.\n\nAgora você já sabe direitinho como cuidar dos seus cabelos após a aplicação da progressiva e todos benefícios que esse shampoo pode te proporcionar, preparamos algo especialmente para você!\n\nUse o **CUPOM**: **CD30R** no carrinho de compras e ganhe um desconto especial!",
  "thumbnail": "/img/uploads/escovar-cabelo-salao-beleza-min.jpg"
}