{
  "date": "2020-11-20T22:48:49.399Z",
  "title": "Tratamento para cabelos que usaram químicas e escovas progressivas",
  "description": "Quando utilizamos químicas incompatíveis nos cabelos, pode resultar em uma quebra muito agressiva, geralmente na divisa entre os fios virgens e os quimicamente tratados.",
  "body": "Se você fez um procedimento que contém **dióxido de sódio**, por exemplo, e depois resolve fazer um outro que contém **amônia**, provavelmente **alguns fios acabam partindo ao meio.**\n\n**5 sintomas de um cabelo com esse problema:**\n\n**1 -** Quebra com facilidade, como se estivesse desmanchando;\n\n**2 -** Pontas duplas e triplas com pontinhos brancos;\n\n**3 -** Elástico: você puxa o fio, ele vai e volta;\n\n**4 -** Sem brilho e com textura áspera;\n\n**5 -** Queda em grande quantidade*.\n\n\\*Recomendamos que você consulte um dermatologista para verificar se não é preciso fazer um tratamento específico.\n\n**Vamos à solução?**\n\nO sistema de tratamento e manutenção *Luna System* apresenta um conceito de cuidados profissionais para seus cabelos.\n\nSua exclusiva fórmula desenvolvida com riquíssimos óleos de tratamento apresentam a combinação perfeita para deixar seus cabelos com excelente resultado de hidratação, vitalidade e brilho.\n\n**Conheça a linha *Elixir Luna System* e se apaixone pelos resultados.**\n\n![](/img/uploads/elixir.jpg \"Kit Luna Elixir\")\n\nComposto por **Shampoo Nutritive, Máscara Nutritive e Leave-in Nutritive**. \n\nEste Kit é indicado como manutenção para doar maciez, brilho e sedosidade para tratar cabelos ressecados e sem vida que usaram químicas e escovas progressivas.\n\n**Modo de Usar:**\n\n**Passo 1:** lave os fios duas vezes com o shampoo para deixá-los bem limpos e sem resíduos de oleosidade.\n\n**Passo 2:** depois de lavar o cabelo com o shampoo e com ele ainda úmido, use a a máscara nas pontas e por todo o comprimento dos fios. Deixe o produto agir por 10 minutos e Enxágue.\n\n**Passo 3:** agora que suas madeixas já estão hidratadas, retire o excesso de água dos fios com uma toalha seca delicadamente para não abrir as cutículas do cabelo que a hidratação acabou de selar e finalize com o Leave-in.\n\n**Resultados:** *Revitaliza seus cabelos devolvendo a força e o brilho deixando-os extremamente sedosos e maleáveis.*\n\nElaborado com Macadâmia, Pracaxi e Cálamo, ativos conhecidos por suas propriedades emolientes e altamente hidratantes, renovam os fios proporcionando um toque macio e suave.\n\n[Garanta já o seu kit!](https://www.qualityluna.com.br/elixir-poder-e-magia-kit-3-produtos)",
  "thumbnail": "/img/uploads/tratar-cabelos-ressecados-e-sem-vida-que-usaram-quimicas-e-escovas-progressivas.jpg",
  "meta_title": "Como tratar os cabelos que passaram por processos químicos",
  "meta_description": "Quebra dos fios, corte químico e outras tantas situações desagradáveis que passamos quando não nos atentamos a cuidar da saúde dos nossos fios..."
}