{
  "date": "2020-11-12T18:43:55.406Z",
  "title": "Tudo sobre SHAMPOO TONALIZANTE",
  "description": "Nessa postagem você encontra tudo sobre o Shampoo Tonalizante",
  "body": "<!--StartFragment-->\n\n*O shampoo tonalizante é uma ótima alternativa para quem quer transformar o visual. Ele muda a cor do cabelo sem danificá-lo tanto, o que geralmente acontece quando usamos tinturas ou produtos descolorantes.*\n\n*Esse tipo de shampoo realça os tons e a cor do cabelo, deixa-o mais brilhante e é menos agressivo. Além disso, não prejudica outras químicas já existentes nos fios.*\n\n\n\n\n\n[![](https://1.bp.blogspot.com/-Feuvrxeff2c/Xj27ssMcW8I/AAAAAAAABgo/MJckn4iU--oOAVc8A7oKT3j27697dXSggCLcBGAsYHQ/s320/costas.jpg)](https://www.qualityluna.com.br/busca?b=vivace%20color)\n\n\n\n### Como funcionam os shampoos tonalizantes?\n\n\n\nOs shampoos tonalizantes possuem uma concentração de amônia menor do que as tinturas convencionais, portanto, danificam menos os fios quando utilizados.\\\n\\\nO shampoo tonalizante altera a cor dos cabelos e escurece tanto cabelos claros naturais, quanto os coloridos artificialmente.\\\n\\\nAs tonalidades proporcionadas por esse tipo de shampoo são devido aos extratos naturais que agem nos fios depositando uma película de pigmentos coloridos em volta da haste capilar e colorindo sem agredir a estrutura do cabelo.\\\n\\\nHá alguns tons desse tipo de produto que têm o poder de clareamento, mas somente em cabelos naturais. Para clarear com o shampoo tonalizante, é necessário misturar água oxigenada para ativar o produto, e os fios não clareiam mais do que dois tons.\\\n\\\nComo esse produto não abre a cutícula do cabelo para depositar a cor, o tempo de duração do produto é mais curto se comparado com tinturas convencionais. A cor obtida com o produto dura geralmente cerca de 10 a 15 lavagens.\n\n\n\n[![](https://1.bp.blogspot.com/-y16GeaAUGvc/Xj252c5lZsI/AAAAAAAABgg/2PJ06A8Oc0sJjEd_f5n8QIa7iggZpJUQwCEwYBhgL/s640/WhatsApp%2BImage%2B2020-02-07%2Bat%2B16.24.18%2B%25286%2529.jpeg)](https://www.qualityluna.com.br/vivace-color-shampoo-vermelho-amora-300ml)\n\n### Para quem é indicado e quando devo usar?\n\n\n\n\\\nOs shampoos tonalizantes são recomendados para quem quer manter a cor viva dos fios sem passar pela tintura. As mulheres que querem esconder os primeiros fios grisalhos também podem apostar no produto, já que escurece o cabelo, mas poupa-o de uma tintura permanente. \n\n\\\nEsse tipo de shampoo também é bem recomendado para quem tem outros tipos de química no cabelo, pois não prejudica os fios e reacende a cor dos cabelos tingidos e/ou desbotados com o tempo.\\\n\\\nPara as ruivas, os shampoos tonalizantes geralmente contêm pigmentos de tons acobreados ou vermelhos, fazendo a manutenção da cor. Já os shampoos para loiras, levam tons azulados ou violetas para neutralizar os tons alaranjados que aparecem nos fios.\n\n\n\n[![](https://1.bp.blogspot.com/-MuI7JYX-Y2o/Xj251Zm7NnI/AAAAAAAABf0/fw6BBXf7OTA7eR-v3jbiaCCtRY27HBjeACLcBGAsYHQ/s640/WhatsApp%2BImage%2B2020-02-07%2Bat%2B16.24.18%2B%25282%2529.jpeg)](https://www.qualityluna.com.br/vivace-color-shampoo-marrom-chocolate-300ml)\n\n\n\n\n\n> E então, pronta para mudar o visual e sair arrasando com os cabelos brilhantes e cheio de cor?\n\n\n\n\n\nAcesse nosso site [QualityLuna](https://www.qualityluna.com.br/)  ♥\n\n\n\n\n\n\n\n\n\n\n\n\n\n\n\n\n\nPost by: [Rebeca](https://www.instagram.com/beca.soliveira/?hl=pt-br)\n\n<!--EndFragment-->",
  "meta_title": "Tudo sobre Shampoo Tonalizante - Blog QualityLuna",
  "meta_description": "Como funciona os shampoos tonalizantes? Pra quem é indicado? Quando devo usar? Nesse artigo você terá resposta para essas e outras perguntas."
}