{
  "marketing_stripe": {
    "text": "🚚 Aproveite o Frete Grátis na Bahia (compras a partir de R$100)",
    "link": ""
  },
  "contacts_stripe": {
    "pages": [
      {
        "title": "Dicas no Blog",
        "link": "https://www.qualityluna.com.br/blog"
      },
      {
        "title": "Contatos",
        "link": "/pages/contato"
      }
    ],
    "phone_wpp": true,
    "socials": false
  },
  "categories_list": {
    "featured": [
      "/cronograma?Cronograma Capilar",
      "/kits-prontos-quality-luna?Kits Prontos",
      "/produtos-para-cabelo-luna?Cabelos",
      "/alisamento?Progressivas",
      "/tratamento-luna-system?Tratamento",
      "/shampoo?Shampoo",
      "/manutencao?Manutenção"
    ],
    "random": 0,
    "full_width": true
  },
  "search_input": true
}