{
  "title": "Contato",
  "meta_title": "Contato",
  "meta_description": "Contato",
  "body": "Telefone: (77) 3424-6689\n\nE-mail: sac@qualityluna.com.br\n\nEndereço: Rua Treze de Maio, 17 - Centro - Vitória da Conquista/BA\n\n<a href=\"https://web.whatsapp.com/send?phone=557734246689\" class= \"btn btn-primary btn-block\">Whatsapp</a>",
  "sections": [
    {
      "type": "breadcrumbs",
      "enabled": true
    },
    {
      "type": "page-title"
    },
    {
      "type": "extra-page",
      "enabled": true
    },
    {
      "type": "custom-html",
      "html": "<hr> \nSe você realizou o pedido antes do dia 09/05/20, <a target=\"blank\" href=\"http://www.qualityluna.e-com.club/conta\"> clique aqui </a> para acessar o seu pedido. "
    },
    {
      "type": "collection-shelf",
      "shuffle": true,
      "collection_id": "5eb5ad365ac4060578b9048c"
    }
  ]
}